INSERT INTO route (route_name, product_type) VALUES
    ('Widget Assembly A Route', 'PRD-100');

INSERT INTO station (station_name, line_name) VALUES
    ('Assembly A', 'Line 1'),
    ('Functional Test', 'Line 1'),
    ('Final Inspection', 'Line 1');

INSERT INTO route_step (route_id, step_name, sequence_order, station_id, target_cycle_min) VALUES
    (1, 'Mechanical assembly', 1, 1, 3.0),
    (1, 'Functional test',     2, 2, 1.5),
    (1, 'Final inspection',    3, 3, 1.0);

INSERT INTO operator (operator_id, name, shift) VALUES
    ('OP-001', 'A. Rivera', 'DAY'),
    ('OP-002', 'J. Chen',   'DAY'),
    ('OP-003', 'M. Osei',   'SWING'),
    ('OP-004', 'D. Kapoor', 'NIGHT');

INSERT INTO reject_reason (reject_code, description, category) VALUES
    ('RJ-01', 'Loose connector',       'MECHANICAL'),
    ('RJ-02', 'Firmware load failure', 'SOFTWARE'),
    ('RJ-03', 'Cosmetic scratch',      'COSMETIC'),
    ('RJ-04', 'Short circuit',         'ELECTRICAL');

-- ---------- Units ----------
INSERT INTO unit (serial_number, route_id, status, current_step_id, started_at, completed_at) VALUES
    ('SN-0001', 1, 'PASSED', 3, '2026-07-01 08:00:00', '2026-07-01 08:15:24'),
    ('SN-0002', 1, 'PASSED', 3, '2026-07-01 08:20:00', '2026-07-01 08:42:30'),
    ('SN-0003', 1, 'PASSED', 3, '2026-07-01 08:40:00', '2026-07-01 08:55:30'),
    ('SN-0004', 1, 'PASSED', 3, '2026-07-01 09:00:00', '2026-07-01 09:24:48'),
    ('SN-0005', 1, 'PASSED', 3, '2026-07-01 09:20:00', '2026-07-01 09:42:24'),
    ('SN-0006', 1, 'PASSED', 3, '2026-07-01 09:40:00', '2026-07-01 09:55:30'),
    ('SN-0007', 1, 'IN_PROCESS', 1, '2026-07-01 10:00:00', NULL),
    ('SN-0008', 1, 'IN_PROCESS', 1, '2026-07-01 10:20:00', NULL),
    ('SN-0014', 1, 'IN_PROCESS', 1, '2026-07-01 10:40:00', NULL),
    ('SN-0015', 1, 'IN_PROCESS', 1, '2026-07-01 11:00:00', NULL),
    ('SN-0009', 1, 'IN_PROCESS', 2, '2026-07-01 11:20:00', NULL),
    ('SN-0010', 1, 'IN_PROCESS', 2, '2026-07-01 11:40:00', NULL),
    ('SN-0011', 1, 'IN_PROCESS', 3, '2026-07-01 12:00:00', NULL),
    ('SN-0012', 1, 'ON_HOLD', 2, '2026-07-01 12:20:00', NULL),
    ('SN-0013', 1, 'SCRAPPED', 1, '2026-07-01 12:40:00', NULL);

-- ---------- Step events ----------
INSERT INTO step_event (serial_number, step_id, operator_id, result, reject_code, attempt_no, started_at, ended_at) VALUES
    ('SN-0001', 1, 'OP-001', 'PASS', NULL, 1, '2026-07-01 08:00:00', '2026-07-01 08:03:06'),
    ('SN-0001', 2, 'OP-002', 'PASS', NULL, 1, '2026-07-01 08:08:06', '2026-07-01 08:09:30'),
    ('SN-0001', 3, 'OP-003', 'PASS', NULL, 1, '2026-07-01 08:14:30', '2026-07-01 08:15:24'),
    ('SN-0002', 1, 'OP-004', 'PASS', NULL, 1, '2026-07-01 08:20:00', '2026-07-01 08:23:00'),
    ('SN-0002', 2, 'OP-001', 'FAIL', 'RJ-02', 1, '2026-07-01 08:28:00', '2026-07-01 08:30:00'),
    ('SN-0002', 2, 'OP-002', 'PASS', NULL, 2, '2026-07-01 08:35:00', '2026-07-01 08:36:30'),
    ('SN-0002', 3, 'OP-003', 'PASS', NULL, 1, '2026-07-01 08:41:30', '2026-07-01 08:42:30'),
    ('SN-0003', 1, 'OP-004', 'PASS', NULL, 1, '2026-07-01 08:40:00', '2026-07-01 08:42:54'),
    ('SN-0003', 2, 'OP-001', 'PASS', NULL, 1, '2026-07-01 08:47:54', '2026-07-01 08:49:24'),
    ('SN-0003', 3, 'OP-002', 'PASS', NULL, 1, '2026-07-01 08:54:24', '2026-07-01 08:55:30'),
    ('SN-0004', 1, 'OP-003', 'FAIL', 'RJ-01', 1, '2026-07-01 09:00:00', '2026-07-01 09:04:12'),
    ('SN-0004', 1, 'OP-004', 'PASS', NULL, 2, '2026-07-01 09:09:12', '2026-07-01 09:12:12'),
    ('SN-0004', 2, 'OP-001', 'PASS', NULL, 1, '2026-07-01 09:17:12', '2026-07-01 09:18:48'),
    ('SN-0004', 3, 'OP-002', 'PASS', NULL, 1, '2026-07-01 09:23:48', '2026-07-01 09:24:48'),
    ('SN-0005', 1, 'OP-003', 'PASS', NULL, 1, '2026-07-01 09:20:00', '2026-07-01 09:23:12'),
    ('SN-0005', 2, 'OP-004', 'PASS', NULL, 1, '2026-07-01 09:28:12', '2026-07-01 09:29:36'),
    ('SN-0005', 3, 'OP-001', 'FAIL', 'RJ-03', 1, '2026-07-01 09:34:36', '2026-07-01 09:36:24'),
    ('SN-0005', 3, 'OP-002', 'PASS', NULL, 2, '2026-07-01 09:41:24', '2026-07-01 09:42:24'),
    ('SN-0006', 1, 'OP-003', 'PASS', NULL, 1, '2026-07-01 09:40:00', '2026-07-01 09:43:00'),
    ('SN-0006', 2, 'OP-004', 'PASS', NULL, 1, '2026-07-01 09:48:00', '2026-07-01 09:49:30'),
    ('SN-0006', 3, 'OP-001', 'PASS', NULL, 1, '2026-07-01 09:54:30', '2026-07-01 09:55:30'),
    ('SN-0009', 1, 'OP-002', 'PASS', NULL, 1, '2026-07-01 11:20:00', '2026-07-01 11:23:06'),
    ('SN-0010', 1, 'OP-003', 'PASS', NULL, 1, '2026-07-01 11:40:00', '2026-07-01 11:42:48'),
    ('SN-0011', 1, 'OP-004', 'PASS', NULL, 1, '2026-07-01 12:00:00', '2026-07-01 12:03:00'),
    ('SN-0011', 2, 'OP-001', 'PASS', NULL, 1, '2026-07-01 12:08:00', '2026-07-01 12:09:30'),
    ('SN-0012', 1, 'OP-002', 'PASS', NULL, 1, '2026-07-01 12:20:00', '2026-07-01 12:23:18'),
    ('SN-0013', 1, 'OP-003', 'FAIL', 'RJ-04', 1, '2026-07-01 12:40:00', '2026-07-01 12:44:30'),
    ('SN-0013', 1, 'OP-004', 'FAIL', 'RJ-04', 2, '2026-07-01 12:49:30', '2026-07-01 12:54:30');